{"cameraMode":{"drawMode":0,"name":"Shaded","section":"Shading Mode"},"sceneLighting":false,"audioPlay":false,"sceneViewState":{"m_AlwaysRefresh":false,"showFog":true,"showSkybox":false,"showFlares":true,"showImageEffects":true,"showParticleSystems":true,"showVisualEffectGraphs":true,"m_FxEnabled":true},"in2DMode":false,"pivot":{"x":1.354858636856079,"y":1.0403189659118653,"z":1.6441583633422852},"rotation":{"x":-0.14190028607845307,"y":0.6171849370002747,"z":-0.11442044377326966,"w":-0.7654117345809937},"size":1.2084269523620606,"orthographic":false}